Domain Code,Domain,Area Code (M49),Area,Element Code,Element,Item Code,Item,Year Code,Year,Unit,Value,Flag,Flag Description,Note
"MK","Macro Indicators","008","Albania","6110","Value US$","22008","Gross Domestic Product","2012","2012","million USD","12319.779604","X","Figure from international organizations",""
"MK","Macro Indicators","008","Albania","6110","Value US$","22008","Gross Domestic Product","2013","2013","million USD","12776.280738","X","Figure from international organizations",""
"MK","Macro Indicators","008","Albania","6110","Value US$","22008","Gross Domestic Product","2014","2014","million USD","13228.240079","X","Figure from international organizations",""
"MK","Macro Indicators","008","Albania","6110","Value US$","22008","Gross Domestic Product","2015","2015","million USD","11386.924853","X","Figure from international organizations",""
"MK","Macro Indicators","008","Albania","6110","Value US$","22008","Gross Domestic Product","2016","2016","million USD","11861.356451","X","Figure from international organizations",""
"MK","Macro Indicators","008","Albania","6110","Value US$","22008","Gross Domestic Product","2017","2017","million USD","13019.729856","X","Figure from international organizations",""
"MK","Macro Indicators","008","Albania","6110","Value US$","22008","Gross Domestic Product","2018","2018","million USD","15156.439968","X","Figure from international organizations",""
"MK","Macro Indicators","008","Albania","6110","Value US$","22008","Gross Domestic Product","2019","2019","million USD","15401.82608","X","Figure from international organizations",""
"MK","Macro Indicators","008","Albania","6110","Value US$","22008","Gross Domestic Product","2020","2020","million USD","15162.734468","X","Figure from international organizations",""
"MK","Macro Indicators","008","Albania","6110","Value US$","22008","Gross Domestic Product","2021","2021","million USD","17930.56704","X","Figure from international organizations",""
"MK","Macro Indicators","008","Albania","6110","Value US$","22008","Gross Domestic Product","2022","2022","million USD","18916.380686","X","Figure from international organizations",""
"MK","Macro Indicators","008","Albania","6110","Value US$","22008","Gross Domestic Product","2023","2023","million USD","22430.768974","E","Estimated value",""
"MK","Macro Indicators","020","Andorra","6110","Value US$","22008","Gross Domestic Product","2012","2012","million USD","3188.830334","X","Figure from international organizations",""
"MK","Macro Indicators","020","Andorra","6110","Value US$","22008","Gross Domestic Product","2013","2013","million USD","3192.603086","X","Figure from international organizations",""
"MK","Macro Indicators","020","Andorra","6110","Value US$","22008","Gross Domestic Product","2014","2014","million USD","3267.334446","X","Figure from international organizations",""
"MK","Macro Indicators","020","Andorra","6110","Value US$","22008","Gross Domestic Product","2015","2015","million USD","2788.757749","X","Figure from international organizations",""
"MK","Macro Indicators","020","Andorra","6110","Value US$","22008","Gross Domestic Product","2016","2016","million USD","2894.646184","X","Figure from international organizations",""
"MK","Macro Indicators","020","Andorra","6110","Value US$","22008","Gross Domestic Product","2017","2017","million USD","3000.160225","X","Figure from international organizations",""
"MK","Macro Indicators","020","Andorra","6110","Value US$","22008","Gross Domestic Product","2018","2018","million USD","3218.419456","X","Figure from international organizations",""
"MK","Macro Indicators","020","Andorra","6110","Value US$","22008","Gross Domestic Product","2019","2019","million USD","3155.151912","X","Figure from international organizations",""
"MK","Macro Indicators","020","Andorra","6110","Value US$","22008","Gross Domestic Product","2020","2020","million USD","2890.997547","X","Figure from international organizations",""
"MK","Macro Indicators","020","Andorra","6110","Value US$","22008","Gross Domestic Product","2021","2021","million USD","3324.641933","X","Figure from international organizations",""
"MK","Macro Indicators","020","Andorra","6110","Value US$","22008","Gross Domestic Product","2022","2022","million USD","3376.020146","X","Figure from international organizations",""
"MK","Macro Indicators","020","Andorra","6110","Value US$","22008","Gross Domestic Product","2023","2023","million USD","3674.13301","E","Estimated value",""
"MK","Macro Indicators","040","Austria","6110","Value US$","22008","Gross Domestic Product","2012","2012","million USD","409425.234155","X","Figure from international organizations",""
"MK","Macro Indicators","040","Austria","6110","Value US$","22008","Gross Domestic Product","2013","2013","million USD","430068.712972","X","Figure from international organizations",""
"MK","Macro Indicators","040","Austria","6110","Value US$","22008","Gross Domestic Product","2014","2014","million USD","441996.131737","X","Figure from international organizations",""
"MK","Macro Indicators","040","Austria","6110","Value US$","22008","Gross Domestic Product","2015","2015","million USD","381817.565894","X","Figure from international organizations",""
"MK","Macro Indicators","040","Austria","6110","Value US$","22008","Gross Domestic Product","2016","2016","million USD","395568.644341","X","Figure from international organizations",""
"MK","Macro Indicators","040","Austria","6110","Value US$","22008","Gross Domestic Product","2017","2017","million USD","417261.151845","X","Figure from international organizations",""
"MK","Macro Indicators","040","Austria","6110","Value US$","22008","Gross Domestic Product","2018","2018","million USD","454991.174096","X","Figure from international organizations",""
"MK","Macro Indicators","040","Austria","6110","Value US$","22008","Gross Domestic Product","2019","2019","million USD","444596.155845","X","Figure from international organizations",""
"MK","Macro Indicators","040","Austria","6110","Value US$","22008","Gross Domestic Product","2020","2020","million USD","435049.316956","X","Figure from international organizations",""
"MK","Macro Indicators","040","Austria","6110","Value US$","22008","Gross Domestic Product","2021","2021","million USD","479295.362747","X","Figure from international organizations",""
"MK","Macro Indicators","040","Austria","6110","Value US$","22008","Gross Domestic Product","2022","2022","million USD","470302.170937","X","Figure from international organizations",""
"MK","Macro Indicators","040","Austria","6110","Value US$","22008","Gross Domestic Product","2023","2023","million USD","523721.427814","E","Estimated value",""
"MK","Macro Indicators","112","Belarus","6110","Value US$","22008","Gross Domestic Product","2012","2012","million USD","65685.90357","X","Figure from international organizations",""
"MK","Macro Indicators","112","Belarus","6110","Value US$","22008","Gross Domestic Product","2013","2013","million USD","75527.537703","X","Figure from international organizations",""
"MK","Macro Indicators","112","Belarus","6110","Value US$","22008","Gross Domestic Product","2014","2014","million USD","78813.04985","X","Figure from international organizations",""
"MK","Macro Indicators","112","Belarus","6110","Value US$","22008","Gross Domestic Product","2015","2015","million USD","56454.775753","X","Figure from international organizations",""
"MK","Macro Indicators","112","Belarus","6110","Value US$","22008","Gross Domestic Product","2016","2016","million USD","47723.549319","X","Figure from international organizations",""
"MK","Macro Indicators","112","Belarus","6110","Value US$","22008","Gross Domestic Product","2017","2017","million USD","54725.415191","X","Figure from international organizations",""
"MK","Macro Indicators","112","Belarus","6110","Value US$","22008","Gross Domestic Product","2018","2018","million USD","60031.016756","X","Figure from international organizations",""
"MK","Macro Indicators","112","Belarus","6110","Value US$","22008","Gross Domestic Product","2019","2019","million USD","64410.160389","X","Figure from international organizations",""
"MK","Macro Indicators","112","Belarus","6110","Value US$","22008","Gross Domestic Product","2020","2020","million USD","61371.673345","X","Figure from international organizations",""
"MK","Macro Indicators","112","Belarus","6110","Value US$","22008","Gross Domestic Product","2021","2021","million USD","69673.765645","X","Figure from international organizations",""
"MK","Macro Indicators","112","Belarus","6110","Value US$","22008","Gross Domestic Product","2022","2022","million USD","72873.850196","X","Figure from international organizations",""
"MK","Macro Indicators","112","Belarus","6110","Value US$","22008","Gross Domestic Product","2023","2023","million USD","67101.636794","E","Estimated value",""
"MK","Macro Indicators","056","Belgium","6110","Value US$","22008","Gross Domestic Product","2012","2012","million USD","496181.260258","X","Figure from international organizations",""
"MK","Macro Indicators","056","Belgium","6110","Value US$","22008","Gross Domestic Product","2013","2013","million USD","521642.714408","X","Figure from international organizations",""
"MK","Macro Indicators","056","Belgium","6110","Value US$","22008","Gross Domestic Product","2014","2014","million USD","534678.075827","X","Figure from international organizations",""
"MK","Macro Indicators","056","Belgium","6110","Value US$","22008","Gross Domestic Product","2015","2015","million USD","462149.679344","X","Figure from international organizations",""
"MK","Macro Indicators","056","Belgium","6110","Value US$","22008","Gross Domestic Product","2016","2016","million USD","475739.588765","X","Figure from international organizations",""
"MK","Macro Indicators","056","Belgium","6110","Value US$","22008","Gross Domestic Product","2017","2017","million USD","502764.720556","X","Figure from international organizations",""
"MK","Macro Indicators","056","Belgium","6110","Value US$","22008","Gross Domestic Product","2018","2018","million USD","543299.066999","X","Figure from international organizations",""
"MK","Macro Indicators","056","Belgium","6110","Value US$","22008","Gross Domestic Product","2019","2019","million USD","535865.80435","X","Figure from international organizations",""
"MK","Macro Indicators","056","Belgium","6110","Value US$","22008","Gross Domestic Product","2020","2020","million USD","526264.230147","X","Figure from international organizations",""
"MK","Macro Indicators","056","Belgium","6110","Value US$","22008","Gross Domestic Product","2021","2021","million USD","600748.812602","X","Figure from international organizations",""
"MK","Macro Indicators","056","Belgium","6110","Value US$","22008","Gross Domestic Product","2022","2022","million USD","582643.021606","X","Figure from international organizations",""
"MK","Macro Indicators","056","Belgium","6110","Value US$","22008","Gross Domestic Product","2023","2023","million USD","630941.144167","E","Estimated value",""
"MK","Macro Indicators","070","Bosnia and Herzegovina","6110","Value US$","22008","Gross Domestic Product","2012","2012","million USD","17226.736264","X","Figure from international organizations",""
"MK","Macro Indicators","070","Bosnia and Herzegovina","6110","Value US$","22008","Gross Domestic Product","2013","2013","million USD","18179.104674","X","Figure from international organizations",""
"MK","Macro Indicators","070","Bosnia and Herzegovina","6110","Value US$","22008","Gross Domestic Product","2014","2014","million USD","18558.731204","X","Figure from international organizations",""
"MK","Macro Indicators","070","Bosnia and Herzegovina","6110","Value US$","22008","Gross Domestic Product","2015","2015","million USD","16404.352156","X","Figure from international organizations",""
"MK","Macro Indicators","070","Bosnia and Herzegovina","6110","Value US$","22008","Gross Domestic Product","2016","2016","million USD","17116.926092","X","Figure from international organizations",""
"MK","Macro Indicators","070","Bosnia and Herzegovina","6110","Value US$","22008","Gross Domestic Product","2017","2017","million USD","18326.376394","X","Figure from international organizations",""
"MK","Macro Indicators","070","Bosnia and Herzegovina","6110","Value US$","22008","Gross Domestic Product","2018","2018","million USD","20484.05264","X","Figure from international organizations",""
"MK","Macro Indicators","070","Bosnia and Herzegovina","6110","Value US$","22008","Gross Domestic Product","2019","2019","million USD","20482.603346","X","Figure from international organizations",""
"MK","Macro Indicators","070","Bosnia and Herzegovina","6110","Value US$","22008","Gross Domestic Product","2020","2020","million USD","20226.032478","X","Figure from international organizations",""
"MK","Macro Indicators","070","Bosnia and Herzegovina","6110","Value US$","22008","Gross Domestic Product","2021","2021","million USD","23672.710032","X","Figure from international organizations",""
"MK","Macro Indicators","070","Bosnia and Herzegovina","6110","Value US$","22008","Gross Domestic Product","2022","2022","million USD","24473.908292","X","Figure from international organizations",""
"MK","Macro Indicators","070","Bosnia and Herzegovina","6110","Value US$","22008","Gross Domestic Product","2023","2023","million USD","27637.093262","E","Estimated value",""
"MK","Macro Indicators","100","Bulgaria","6110","Value US$","22008","Gross Domestic Product","2012","2012","million USD","54297.033606","X","Figure from international organizations",""
"MK","Macro Indicators","100","Bulgaria","6110","Value US$","22008","Gross Domestic Product","2013","2013","million USD","55819.259393","X","Figure from international organizations",""
"MK","Macro Indicators","100","Bulgaria","6110","Value US$","22008","Gross Domestic Product","2014","2014","million USD","57080.892245","X","Figure from international organizations",""
"MK","Macro Indicators","100","Bulgaria","6110","Value US$","22008","Gross Domestic Product","2015","2015","million USD","50765.926094","X","Figure from international organizations",""
"MK","Macro Indicators","100","Bulgaria","6110","Value US$","22008","Gross Domestic Product","2016","2016","million USD","53929.385148","X","Figure from international organizations",""
"MK","Macro Indicators","100","Bulgaria","6110","Value US$","22008","Gross Domestic Product","2017","2017","million USD","59167.655038","X","Figure from international organizations",""
"MK","Macro Indicators","100","Bulgaria","6110","Value US$","22008","Gross Domestic Product","2018","2018","million USD","66332.429782","X","Figure from international organizations",""
"MK","Macro Indicators","100","Bulgaria","6110","Value US$","22008","Gross Domestic Product","2019","2019","million USD","68883.302726","X","Figure from international organizations",""
"MK","Macro Indicators","100","Bulgaria","6110","Value US$","22008","Gross Domestic Product","2020","2020","million USD","70203.379297","X","Figure from international organizations",""
"MK","Macro Indicators","100","Bulgaria","6110","Value US$","22008","Gross Domestic Product","2021","2021","million USD","84037.671388","X","Figure from international organizations",""
"MK","Macro Indicators","100","Bulgaria","6110","Value US$","22008","Gross Domestic Product","2022","2022","million USD","90213.02141","X","Figure from international organizations",""
"MK","Macro Indicators","100","Bulgaria","6110","Value US$","22008","Gross Domestic Product","2023","2023","million USD","103873.886188","E","Estimated value",""
"MK","Macro Indicators","191","Croatia","6110","Value US$","22008","Gross Domestic Product","2012","2012","million USD","57492.708224","X","Figure from international organizations",""
"MK","Macro Indicators","191","Croatia","6110","Value US$","22008","Gross Domestic Product","2013","2013","million USD","59159.283962","X","Figure from international organizations",""
"MK","Macro Indicators","191","Croatia","6110","Value US$","22008","Gross Domestic Product","2014","2014","million USD","58550.214852","X","Figure from international organizations",""
"MK","Macro Indicators","191","Croatia","6110","Value US$","22008","Gross Domestic Product","2015","2015","million USD","50356.970147","X","Figure from international organizations",""
"MK","Macro Indicators","191","Croatia","6110","Value US$","22008","Gross Domestic Product","2016","2016","million USD","52519.504076","X","Figure from international organizations",""
"MK","Macro Indicators","191","Croatia","6110","Value US$","22008","Gross Domestic Product","2017","2017","million USD","56448.881388","X","Figure from international organizations",""
"MK","Macro Indicators","191","Croatia","6110","Value US$","22008","Gross Domestic Product","2018","2018","million USD","62470.101414","X","Figure from international organizations",""
"MK","Macro Indicators","191","Croatia","6110","Value US$","22008","Gross Domestic Product","2019","2019","million USD","62471.358758","X","Figure from international organizations",""
"MK","Macro Indicators","191","Croatia","6110","Value US$","22008","Gross Domestic Product","2020","2020","million USD","57606.772554","X","Figure from international organizations",""
"MK","Macro Indicators","191","Croatia","6110","Value US$","22008","Gross Domestic Product","2021","2021","million USD","69193.052601","X","Figure from international organizations",""
"MK","Macro Indicators","191","Croatia","6110","Value US$","22008","Gross Domestic Product","2022","2022","million USD","71552.026308","X","Figure from international organizations",""
"MK","Macro Indicators","191","Croatia","6110","Value US$","22008","Gross Domestic Product","2023","2023","million USD","80210.863186","E","Estimated value",""
"MK","Macro Indicators","203","Czechia","6110","Value US$","22008","Gross Domestic Product","2012","2012","million USD","208857.719321","X","Figure from international organizations",""
"MK","Macro Indicators","203","Czechia","6110","Value US$","22008","Gross Domestic Product","2013","2013","million USD","211685.616593","X","Figure from international organizations",""
"MK","Macro Indicators","203","Czechia","6110","Value US$","22008","Gross Domestic Product","2014","2014","million USD","209358.834156","X","Figure from international organizations",""
"MK","Macro Indicators","203","Czechia","6110","Value US$","22008","Gross Domestic Product","2015","2015","million USD","188033.05046","X","Figure from international organizations",""
"MK","Macro Indicators","203","Czechia","6110","Value US$","22008","Gross Domestic Product","2016","2016","million USD","196272.068576","X","Figure from international organizations",""
"MK","Macro Indicators","203","Czechia","6110","Value US$","22008","Gross Domestic Product","2017","2017","million USD","218628.940952","X","Figure from international organizations",""
"MK","Macro Indicators","203","Czechia","6110","Value US$","22008","Gross Domestic Product","2018","2018","million USD","249000.540729","X","Figure from international organizations",""
"MK","Macro Indicators","203","Czechia","6110","Value US$","22008","Gross Domestic Product","2019","2019","million USD","252548.179965","X","Figure from international organizations",""
"MK","Macro Indicators","203","Czechia","6110","Value US$","22008","Gross Domestic Product","2020","2020","million USD","245974.558654","X","Figure from international organizations",""
"MK","Macro Indicators","203","Czechia","6110","Value US$","22008","Gross Domestic Product","2021","2021","million USD","281791.218507","X","Figure from international organizations",""
"MK","Macro Indicators","203","Czechia","6110","Value US$","22008","Gross Domestic Product","2022","2022","million USD","290527.550627","X","Figure from international organizations",""
"MK","Macro Indicators","203","Czechia","6110","Value US$","22008","Gross Domestic Product","2023","2023","million USD","331764.893851","E","Estimated value",""
"MK","Macro Indicators","208","Denmark","6110","Value US$","22008","Gross Domestic Product","2012","2012","million USD","327148.943812","X","Figure from international organizations",""
"MK","Macro Indicators","208","Denmark","6110","Value US$","22008","Gross Domestic Product","2013","2013","million USD","343584.391648","X","Figure from international organizations",""
"MK","Macro Indicators","208","Denmark","6110","Value US$","22008","Gross Domestic Product","2014","2014","million USD","352993.631618","X","Figure from international organizations",""
"MK","Macro Indicators","208","Denmark","6110","Value US$","22008","Gross Domestic Product","2015","2015","million USD","302673.070847","X","Figure from international organizations",""
"MK","Macro Indicators","208","Denmark","6110","Value US$","22008","Gross Domestic Product","2016","2016","million USD","313115.929314","X","Figure from international organizations",""
"MK","Macro Indicators","208","Denmark","6110","Value US$","22008","Gross Domestic Product","2017","2017","million USD","332121.063806","X","Figure from international organizations",""
"MK","Macro Indicators","208","Denmark","6110","Value US$","22008","Gross Domestic Product","2018","2018","million USD","356841.21641","X","Figure from international organizations",""
"MK","Macro Indicators","208","Denmark","6110","Value US$","22008","Gross Domestic Product","2019","2019","million USD","346498.737962","X","Figure from international organizations",""
"MK","Macro Indicators","208","Denmark","6110","Value US$","22008","Gross Domestic Product","2020","2020","million USD","354762.748339","X","Figure from international organizations",""
"MK","Macro Indicators","208","Denmark","6110","Value US$","22008","Gross Domestic Product","2021","2021","million USD","405687.998853","X","Figure from international organizations",""
"MK","Macro Indicators","208","Denmark","6110","Value US$","22008","Gross Domestic Product","2022","2022","million USD","400167.196949","X","Figure from international organizations",""
"MK","Macro Indicators","208","Denmark","6110","Value US$","22008","Gross Domestic Product","2023","2023","million USD","415825.902369","E","Estimated value",""
"MK","Macro Indicators","233","Estonia","6110","Value US$","22008","Gross Domestic Product","2012","2012","million USD","23020.466785","X","Figure from international organizations",""
"MK","Macro Indicators","233","Estonia","6110","Value US$","22008","Gross Domestic Product","2013","2013","million USD","25108.615092","X","Figure from international organizations",""
"MK","Macro Indicators","233","Estonia","6110","Value US$","22008","Gross Domestic Product","2014","2014","million USD","26598.657881","X","Figure from international organizations",""
"MK","Macro Indicators","233","Estonia","6110","Value US$","22008","Gross Domestic Product","2015","2015","million USD","22881.558192","X","Figure from international organizations",""
"MK","Macro Indicators","233","Estonia","6110","Value US$","22008","Gross Domestic Product","2016","2016","million USD","24056.487771","X","Figure from international organizations",""
"MK","Macro Indicators","233","Estonia","6110","Value US$","22008","Gross Domestic Product","2017","2017","million USD","26924.385103","X","Figure from international organizations",""
"MK","Macro Indicators","233","Estonia","6110","Value US$","22008","Gross Domestic Product","2018","2018","million USD","30624.720196","X","Figure from international organizations",""
"MK","Macro Indicators","233","Estonia","6110","Value US$","22008","Gross Domestic Product","2019","2019","million USD","31081.901909","X","Figure from international organizations",""
"MK","Macro Indicators","233","Estonia","6110","Value US$","22008","Gross Domestic Product","2020","2020","million USD","31370.395573","X","Figure from international organizations",""
"MK","Macro Indicators","233","Estonia","6110","Value US$","22008","Gross Domestic Product","2021","2021","million USD","37191.166152","X","Figure from international organizations",""
"MK","Macro Indicators","233","Estonia","6110","Value US$","22008","Gross Domestic Product","2022","2022","million USD","38049.054525","X","Figure from international organizations",""
"MK","Macro Indicators","233","Estonia","6110","Value US$","22008","Gross Domestic Product","2023","2023","million USD","41875.877181","E","Estimated value",""
"MK","Macro Indicators","246","Finland","6110","Value US$","22008","Gross Domestic Product","2012","2012","million USD","258304.834622","X","Figure from international organizations",""
"MK","Macro Indicators","246","Finland","6110","Value US$","22008","Gross Domestic Product","2013","2013","million USD","271285.280621","X","Figure from international organizations",""
"MK","Macro Indicators","246","Finland","6110","Value US$","22008","Gross Domestic Product","2014","2014","million USD","274497.230803","X","Figure from international organizations",""
"MK","Macro Indicators","246","Finland","6110","Value US$","22008","Gross Domestic Product","2015","2015","million USD","234440.080998","X","Figure from international organizations",""
"MK","Macro Indicators","246","Finland","6110","Value US$","22008","Gross Domestic Product","2016","2016","million USD","240607.90701","X","Figure from international organizations",""
"MK","Macro Indicators","246","Finland","6110","Value US$","22008","Gross Domestic Product","2017","2017","million USD","255647.979916","X","Figure from international organizations",""
"MK","Macro Indicators","246","Finland","6110","Value US$","22008","Gross Domestic Product","2018","2018","million USD","275708.001768","X","Figure from international organizations",""
"MK","Macro Indicators","246","Finland","6110","Value US$","22008","Gross Domestic Product","2019","2019","million USD","268514.916973","X","Figure from international organizations",""
"MK","Macro Indicators","246","Finland","6110","Value US$","22008","Gross Domestic Product","2020","2020","million USD","271886.077382","X","Figure from international organizations",""
"MK","Macro Indicators","246","Finland","6110","Value US$","22008","Gross Domestic Product","2021","2021","million USD","296776.746826","X","Figure from international organizations",""
"MK","Macro Indicators","246","Finland","6110","Value US$","22008","Gross Domestic Product","2022","2022","million USD","282511.948123","X","Figure from international organizations",""
"MK","Macro Indicators","246","Finland","6110","Value US$","22008","Gross Domestic Product","2023","2023","million USD","309165.499587","E","Estimated value",""
"MK","Macro Indicators","250","France","6110","Value US$","22008","Gross Domestic Product","2012","2012","million USD","2683825.225093","X","Figure from international organizations",""
"MK","Macro Indicators","250","France","6110","Value US$","22008","Gross Domestic Product","2013","2013","million USD","2811077.725704","X","Figure from international organizations",""
"MK","Macro Indicators","250","France","6110","Value US$","22008","Gross Domestic Product","2014","2014","million USD","2852165.76063","X","Figure from international organizations",""
"MK","Macro Indicators","250","France","6110","Value US$","22008","Gross Domestic Product","2015","2015","million USD","2438207.896252","X","Figure from international organizations",""
"MK","Macro Indicators","250","France","6110","Value US$","22008","Gross Domestic Product","2016","2016","million USD","2471285.607082","X","Figure from international organizations",""
"MK","Macro Indicators","250","France","6110","Value US$","22008","Gross Domestic Product","2017","2017","million USD","2595151.045198","X","Figure from international organizations",""
"MK","Macro Indicators","250","France","6110","Value US$","22008","Gross Domestic Product","2018","2018","million USD","2790956.878747","X","Figure from international organizations",""
"MK","Macro Indicators","250","France","6110","Value US$","22008","Gross Domestic Product","2019","2019","million USD","2728870.246706","X","Figure from international organizations",""
"MK","Macro Indicators","250","France","6110","Value US$","22008","Gross Domestic Product","2020","2020","million USD","2647418.691598","X","Figure from international organizations",""
"MK","Macro Indicators","250","France","6110","Value US$","22008","Gross Domestic Product","2021","2021","million USD","2959355.819171","X","Figure from international organizations",""
"MK","Macro Indicators","250","France","6110","Value US$","22008","Gross Domestic Product","2022","2022","million USD","2775316.950606","X","Figure from international organizations",""
"MK","Macro Indicators","250","France","6110","Value US$","22008","Gross Domestic Product","2023","2023","million USD","2971266.414013","E","Estimated value",""
"MK","Macro Indicators","276","Germany","6110","Value US$","22008","Gross Domestic Product","2012","2012","million USD","3527344.94414","X","Figure from international organizations",""
"MK","Macro Indicators","276","Germany","6110","Value US$","22008","Gross Domestic Product","2013","2013","million USD","3732743.446219","X","Figure from international organizations",""
"MK","Macro Indicators","276","Germany","6110","Value US$","22008","Gross Domestic Product","2014","2014","million USD","3883920.155292","X","Figure from international organizations",""
"MK","Macro Indicators","276","Germany","6110","Value US$","22008","Gross Domestic Product","2015","2015","million USD","3356235.70412","X","Figure from international organizations",""
"MK","Macro Indicators","276","Germany","6110","Value US$","22008","Gross Domestic Product","2016","2016","million USD","3467498.002104","X","Figure from international organizations",""
"MK","Macro Indicators","276","Germany","6110","Value US$","22008","Gross Domestic Product","2017","2017","million USD","3690849.152518","X","Figure from international organizations",""
"MK","Macro Indicators","276","Germany","6110","Value US$","22008","Gross Domestic Product","2018","2018","million USD","3974443.35502","X","Figure from international organizations",""
"MK","Macro Indicators","276","Germany","6110","Value US$","22008","Gross Domestic Product","2019","2019","million USD","3889177.589255","X","Figure from international organizations",""
"MK","Macro Indicators","276","Germany","6110","Value US$","22008","Gross Domestic Product","2020","2020","million USD","3887727.161914","X","Figure from international organizations",""
"MK","Macro Indicators","276","Germany","6110","Value US$","22008","Gross Domestic Product","2021","2021","million USD","4278503.93469","X","Figure from international organizations",""
"MK","Macro Indicators","276","Germany","6110","Value US$","22008","Gross Domestic Product","2022","2022","million USD","4076923.618912","X","Figure from international organizations",""
"MK","Macro Indicators","276","Germany","6110","Value US$","22008","Gross Domestic Product","2023","2023","million USD","4394652.127879","E","Estimated value",""
"MK","Macro Indicators","300","Greece","6110","Value US$","22008","Gross Domestic Product","2012","2012","million USD","242043.155254","X","Figure from international organizations",""
"MK","Macro Indicators","300","Greece","6110","Value US$","22008","Gross Domestic Product","2013","2013","million USD","238839.792883","X","Figure from international organizations",""
"MK","Macro Indicators","300","Greece","6110","Value US$","22008","Gross Domestic Product","2014","2014","million USD","235144.956104","X","Figure from international organizations",""
"MK","Macro Indicators","300","Greece","6110","Value US$","22008","Gross Domestic Product","2015","2015","million USD","195604.861154","X","Figure from international organizations",""
"MK","Macro Indicators","300","Greece","6110","Value US$","22008","Gross Domestic Product","2016","2016","million USD","193017.042817","X","Figure from international organizations",""
"MK","Macro Indicators","300","Greece","6110","Value US$","22008","Gross Domestic Product","2017","2017","million USD","199844.41844","X","Figure from international organizations",""
"MK","Macro Indicators","300","Greece","6110","Value US$","22008","Gross Domestic Product","2018","2018","million USD","212049.459052","X","Figure from international organizations",""
"MK","Macro Indicators","300","Greece","6110","Value US$","22008","Gross Domestic Product","2019","2019","million USD","205252.770965","X","Figure from international organizations",""
"MK","Macro Indicators","300","Greece","6110","Value US$","22008","Gross Domestic Product","2020","2020","million USD","188480.337286","X","Figure from international organizations",""
"MK","Macro Indicators","300","Greece","6110","Value US$","22008","Gross Domestic Product","2021","2021","million USD","214667.807441","X","Figure from international organizations",""
"MK","Macro Indicators","300","Greece","6110","Value US$","22008","Gross Domestic Product","2022","2022","million USD","217285.748966","X","Figure from international organizations",""
"MK","Macro Indicators","300","Greece","6110","Value US$","22008","Gross Domestic Product","2023","2023","million USD","239535.318254","E","Estimated value",""
"MK","Macro Indicators","348","Hungary","6110","Value US$","22008","Gross Domestic Product","2012","2012","million USD","128814.279315","X","Figure from international organizations",""
"MK","Macro Indicators","348","Hungary","6110","Value US$","22008","Gross Domestic Product","2013","2013","million USD","135684.315698","X","Figure from international organizations",""
"MK","Macro Indicators","348","Hungary","6110","Value US$","22008","Gross Domestic Product","2014","2014","million USD","141033.843266","X","Figure from international organizations",""
"MK","Macro Indicators","348","Hungary","6110","Value US$","22008","Gross Domestic Product","2015","2015","million USD","125174.166987","X","Figure from international organizations",""
"MK","Macro Indicators","348","Hungary","6110","Value US$","22008","Gross Domestic Product","2016","2016","million USD","128609.82275","X","Figure from international organizations",""
"MK","Macro Indicators","348","Hungary","6110","Value US$","22008","Gross Domestic Product","2017","2017","million USD","143112.19604","X","Figure from international organizations",""
"MK","Macro Indicators","348","Hungary","6110","Value US$","22008","Gross Domestic Product","2018","2018","million USD","160565.642984","X","Figure from international organizations",""
"MK","Macro Indicators","348","Hungary","6110","Value US$","22008","Gross Domestic Product","2019","2019","million USD","164020.460332","X","Figure from international organizations",""
"MK","Macro Indicators","348","Hungary","6110","Value US$","22008","Gross Domestic Product","2020","2020","million USD","157227.094449","X","Figure from international organizations",""
"MK","Macro Indicators","348","Hungary","6110","Value US$","22008","Gross Domestic Product","2021","2021","million USD","182090.041757","X","Figure from international organizations",""
"MK","Macro Indicators","348","Hungary","6110","Value US$","22008","Gross Domestic Product","2022","2022","million USD","177337.436677","X","Figure from international organizations",""
"MK","Macro Indicators","348","Hungary","6110","Value US$","22008","Gross Domestic Product","2023","2023","million USD","203970.054457","E","Estimated value",""
"MK","Macro Indicators","352","Iceland","6110","Value US$","22008","Gross Domestic Product","2012","2012","million USD","14751.508134","X","Figure from international organizations",""
"MK","Macro Indicators","352","Iceland","6110","Value US$","22008","Gross Domestic Product","2013","2013","million USD","16125.060515","X","Figure from international organizations",""
"MK","Macro Indicators","352","Iceland","6110","Value US$","22008","Gross Domestic Product","2014","2014","million USD","17867.662178","X","Figure from international organizations",""
"MK","Macro Indicators","352","Iceland","6110","Value US$","22008","Gross Domestic Product","2015","2015","million USD","17517.210519","X","Figure from international organizations",""
"MK","Macro Indicators","352","Iceland","6110","Value US$","22008","Gross Domestic Product","2016","2016","million USD","20793.168031","X","Figure from international organizations",""
"MK","Macro Indicators","352","Iceland","6110","Value US$","22008","Gross Domestic Product","2017","2017","million USD","24728.285177","X","Figure from international organizations",""
"MK","Macro Indicators","352","Iceland","6110","Value US$","22008","Gross Domestic Product","2018","2018","million USD","26260.850582","X","Figure from international organizations",""
"MK","Macro Indicators","352","Iceland","6110","Value US$","22008","Gross Domestic Product","2019","2019","million USD","24681.343649","X","Figure from international organizations",""
"MK","Macro Indicators","352","Iceland","6110","Value US$","22008","Gross Domestic Product","2020","2020","million USD","21565.767851","X","Figure from international organizations",""
"MK","Macro Indicators","352","Iceland","6110","Value US$","22008","Gross Domestic Product","2021","2021","million USD","25595.94017","X","Figure from international organizations",""
"MK","Macro Indicators","352","Iceland","6110","Value US$","22008","Gross Domestic Product","2022","2022","million USD","28064.529851","X","Figure from international organizations",""
"MK","Macro Indicators","352","Iceland","6110","Value US$","22008","Gross Domestic Product","2023","2023","million USD","29555.169653","E","Estimated value",""
"MK","Macro Indicators","372","Ireland","6110","Value US$","22008","Gross Domestic Product","2012","2012","million USD","225131.596459","X","Figure from international organizations",""
"MK","Macro Indicators","372","Ireland","6110","Value US$","22008","Gross Domestic Product","2013","2013","million USD","238044.800251","X","Figure from international organizations",""
"MK","Macro Indicators","372","Ireland","6110","Value US$","22008","Gross Domestic Product","2014","2014","million USD","259336.47983","X","Figure from international organizations",""
"MK","Macro Indicators","372","Ireland","6110","Value US$","22008","Gross Domestic Product","2015","2015","million USD","292246.67331","X","Figure from international organizations",""
"MK","Macro Indicators","372","Ireland","6110","Value US$","22008","Gross Domestic Product","2016","2016","million USD","298356.592195","X","Figure from international organizations",""
"MK","Macro Indicators","372","Ireland","6110","Value US$","22008","Gross Domestic Product","2017","2017","million USD","337241.812451","X","Figure from international organizations",""
"MK","Macro Indicators","372","Ireland","6110","Value US$","22008","Gross Domestic Product","2018","2018","million USD","386693.359055","X","Figure from international organizations",""
"MK","Macro Indicators","372","Ireland","6110","Value US$","22008","Gross Domestic Product","2019","2019","million USD","398933.010007","X","Figure from international organizations",""
"MK","Macro Indicators","372","Ireland","6110","Value US$","22008","Gross Domestic Product","2020","2020","million USD","428608.68783","X","Figure from international organizations",""
"MK","Macro Indicators","372","Ireland","6110","Value US$","22008","Gross Domestic Product","2021","2021","million USD","513391.778883","X","Figure from international organizations",""
"MK","Macro Indicators","372","Ireland","6110","Value US$","22008","Gross Domestic Product","2022","2022","million USD","532415.762408","X","Figure from international organizations",""
"MK","Macro Indicators","372","Ireland","6110","Value US$","22008","Gross Domestic Product","2023","2023","million USD","603140.200985","E","Estimated value",""
"MK","Macro Indicators","380","Italy","6110","Value US$","22008","Gross Domestic Product","2012","2012","million USD","2087077.032435","X","Figure from international organizations",""
"MK","Macro Indicators","380","Italy","6110","Value US$","22008","Gross Domestic Product","2013","2013","million USD","2141315.327318","X","Figure from international organizations",""
"MK","Macro Indicators","380","Italy","6110","Value US$","22008","Gross Domestic Product","2014","2014","million USD","2159133.919744","X","Figure from international organizations",""
"MK","Macro Indicators","380","Italy","6110","Value US$","22008","Gross Domestic Product","2015","2015","million USD","1835899.23732","X","Figure from international organizations",""
"MK","Macro Indicators","380","Italy","6110","Value US$","22008","Gross Domestic Product","2016","2016","million USD","1875797.463584","X","Figure from international organizations",""
"MK","Macro Indicators","380","Italy","6110","Value US$","22008","Gross Domestic Product","2017","2017","million USD","1961796.197354","X","Figure from international organizations",""
"MK","Macro Indicators","380","Italy","6110","Value US$","22008","Gross Domestic Product","2018","2018","million USD","2091932.426267","X","Figure from international organizations",""
"MK","Macro Indicators","380","Italy","6110","Value US$","22008","Gross Domestic Product","2019","2019","million USD","2011302.198827","X","Figure from international organizations",""
"MK","Macro Indicators","380","Italy","6110","Value US$","22008","Gross Domestic Product","2020","2020","million USD","1897461.635592","X","Figure from international organizations",""
"MK","Macro Indicators","380","Italy","6110","Value US$","22008","Gross Domestic Product","2021","2021","million USD","2155360.298998","X","Figure from international organizations",""
"MK","Macro Indicators","380","Italy","6110","Value US$","22008","Gross Domestic Product","2022","2022","million USD","2046952.679267","X","Figure from international organizations",""
"MK","Macro Indicators","380","Italy","6110","Value US$","22008","Gross Domestic Product","2023","2023","million USD","2250534.1904","E","Estimated value",""
"MK","Macro Indicators","428","Latvia","6110","Value US$","22008","Gross Domestic Product","2012","2012","million USD","28175.715971","X","Figure from international organizations",""
"MK","Macro Indicators","428","Latvia","6110","Value US$","22008","Gross Domestic Product","2013","2013","million USD","30200.881938","X","Figure from international organizations",""
"MK","Macro Indicators","428","Latvia","6110","Value US$","22008","Gross Domestic Product","2014","2014","million USD","31345.148671","X","Figure from international organizations",""
"MK","Macro Indicators","428","Latvia","6110","Value US$","22008","Gross Domestic Product","2015","2015","million USD","27252.128627","X","Figure from international organizations",""
"MK","Macro Indicators","428","Latvia","6110","Value US$","22008","Gross Domestic Product","2016","2016","million USD","28064.533352","X","Figure from international organizations",""
"MK","Macro Indicators","428","Latvia","6110","Value US$","22008","Gross Domestic Product","2017","2017","million USD","30483.806018","X","Figure from international organizations",""
"MK","Macro Indicators","428","Latvia","6110","Value US$","22008","Gross Domestic Product","2018","2018","million USD","34429.023435","X","Figure from international organizations",""
"MK","Macro Indicators","428","Latvia","6110","Value US$","22008","Gross Domestic Product","2019","2019","million USD","34225.547537","X","Figure from international organizations",""
"MK","Macro Indicators","428","Latvia","6110","Value US$","22008","Gross Domestic Product","2020","2020","million USD","34390.910339","X","Figure from international organizations",""
"MK","Macro Indicators","428","Latvia","6110","Value US$","22008","Gross Domestic Product","2021","2021","million USD","39443.126174","X","Figure from international organizations",""
"MK","Macro Indicators","428","Latvia","6110","Value US$","22008","Gross Domestic Product","2022","2022","million USD","40876.42552","X","Figure from international organizations",""
"MK","Macro Indicators","428","Latvia","6110","Value US$","22008","Gross Domestic Product","2023","2023","million USD","46342.399838","E","Estimated value",""
"MK","Macro Indicators","438","Liechtenstein","6110","Value US$","22008","Gross Domestic Product","2012","2012","million USD","6034.435862","X","Figure from international organizations",""
"MK","Macro Indicators","438","Liechtenstein","6110","Value US$","22008","Gross Domestic Product","2013","2013","million USD","6391.711429","X","Figure from international organizations",""
"MK","Macro Indicators","438","Liechtenstein","6110","Value US$","22008","Gross Domestic Product","2014","2014","million USD","6657.45023","X","Figure from international organizations",""
"MK","Macro Indicators","438","Liechtenstein","6110","Value US$","22008","Gross Domestic Product","2015","2015","million USD","6268.51314","X","Figure from international organizations",""
"MK","Macro Indicators","438","Liechtenstein","6110","Value US$","22008","Gross Domestic Product","2016","2016","million USD","6237.299538","X","Figure from international organizations",""
"MK","Macro Indicators","438","Liechtenstein","6110","Value US$","22008","Gross Domestic Product","2017","2017","million USD","6474.31091","X","Figure from international organizations",""
"MK","Macro Indicators","438","Liechtenstein","6110","Value US$","22008","Gross Domestic Product","2018","2018","million USD","6692.618411","X","Figure from international organizations",""
"MK","Macro Indicators","438","Liechtenstein","6110","Value US$","22008","Gross Domestic Product","2019","2019","million USD","6436.036749","X","Figure from international organizations",""
"MK","Macro Indicators","438","Liechtenstein","6110","Value US$","22008","Gross Domestic Product","2020","2020","million USD","6405.872485","X","Figure from international organizations",""
"MK","Macro Indicators","438","Liechtenstein","6110","Value US$","22008","Gross Domestic Product","2021","2021","million USD","7710.381492","X","Figure from international organizations",""
"MK","Macro Indicators","438","Liechtenstein","6110","Value US$","22008","Gross Domestic Product","2022","2022","million USD","7757.945359","X","Figure from international organizations",""
"MK","Macro Indicators","440","Lithuania","6110","Value US$","22008","Gross Domestic Product","2012","2012","million USD","42943.442158","X","Figure from international organizations",""
"MK","Macro Indicators","440","Lithuania","6110","Value US$","22008","Gross Domestic Product","2013","2013","million USD","46514.471182","X","Figure from international organizations",""
"MK","Macro Indicators","440","Lithuania","6110","Value US$","22008","Gross Domestic Product","2014","2014","million USD","48574.531942","X","Figure from international organizations",""
"MK","Macro Indicators","440","Lithuania","6110","Value US$","22008","Gross Domestic Product","2015","2015","million USD","41418.872976","X","Figure from international organizations",""
"MK","Macro Indicators","440","Lithuania","6110","Value US$","22008","Gross Domestic Product","2016","2016","million USD","43018.087238","X","Figure from international organizations",""
"MK","Macro Indicators","440","Lithuania","6110","Value US$","22008","Gross Domestic Product","2017","2017","million USD","47758.736932","X","Figure from international organizations",""
"MK","Macro Indicators","440","Lithuania","6110","Value US$","22008","Gross Domestic Product","2018","2018","million USD","53751.411409","X","Figure from international organizations",""
"MK","Macro Indicators","440","Lithuania","6110","Value US$","22008","Gross Domestic Product","2019","2019","million USD","54808.531641","X","Figure from international organizations",""
"MK","Macro Indicators","440","Lithuania","6110","Value US$","22008","Gross Domestic Product","2020","2020","million USD","56964.942999","X","Figure from international organizations",""
"MK","Macro Indicators","440","Lithuania","6110","Value US$","22008","Gross Domestic Product","2021","2021","million USD","66798.933786","X","Figure from international organizations",""
"MK","Macro Indicators","440","Lithuania","6110","Value US$","22008","Gross Domestic Product","2022","2022","million USD","70878.074438","X","Figure from international organizations",""
"MK","Macro Indicators","440","Lithuania","6110","Value US$","22008","Gross Domestic Product","2023","2023","million USD","79525.090727","E","Estimated value",""
"MK","Macro Indicators","442","Luxembourg","6110","Value US$","22008","Gross Domestic Product","2012","2012","million USD","59779.802783","X","Figure from international organizations",""
"MK","Macro Indicators","442","Luxembourg","6110","Value US$","22008","Gross Domestic Product","2013","2013","million USD","65184.744717","X","Figure from international organizations",""
"MK","Macro Indicators","442","Luxembourg","6110","Value US$","22008","Gross Domestic Product","2014","2014","million USD","68713.294386","X","Figure from international organizations",""
"MK","Macro Indicators","442","Luxembourg","6110","Value US$","22008","Gross Domestic Product","2015","2015","million USD","60047.430684","X","Figure from international organizations",""
"MK","Macro Indicators","442","Luxembourg","6110","Value US$","22008","Gross Domestic Product","2016","2016","million USD","62174.650367","X","Figure from international organizations",""
"MK","Macro Indicators","442","Luxembourg","6110","Value US$","22008","Gross Domestic Product","2017","2017","million USD","65712.180343","X","Figure from international organizations",""
"MK","Macro Indicators","442","Luxembourg","6110","Value US$","22008","Gross Domestic Product","2018","2018","million USD","71000.35976","X","Figure from international organizations",""
"MK","Macro Indicators","442","Luxembourg","6110","Value US$","22008","Gross Domestic Product","2019","2019","million USD","69890.505324","X","Figure from international organizations",""
"MK","Macro Indicators","442","Luxembourg","6110","Value US$","22008","Gross Domestic Product","2020","2020","million USD","73699.3667","X","Figure from international organizations",""
"MK","Macro Indicators","442","Luxembourg","6110","Value US$","22008","Gross Domestic Product","2021","2021","million USD","85584.105994","X","Figure from international organizations",""
"MK","Macro Indicators","442","Luxembourg","6110","Value US$","22008","Gross Domestic Product","2022","2022","million USD","81530.900728","X","Figure from international organizations",""
"MK","Macro Indicators","442","Luxembourg","6110","Value US$","22008","Gross Domestic Product","2023","2023","million USD","87798.521819","E","Estimated value",""
"MK","Macro Indicators","470","Malta","6110","Value US$","22008","Gross Domestic Product","2012","2012","million USD","9462.367398","X","Figure from international organizations",""
"MK","Macro Indicators","470","Malta","6110","Value US$","22008","Gross Domestic Product","2013","2013","million USD","10547.969395","X","Figure from international organizations",""
"MK","Macro Indicators","470","Malta","6110","Value US$","22008","Gross Domestic Product","2014","2014","million USD","11610.37964","X","Figure from international organizations",""
"MK","Macro Indicators","470","Malta","6110","Value US$","22008","Gross Domestic Product","2015","2015","million USD","11087.007866","X","Figure from international organizations",""
"MK","Macro Indicators","470","Malta","6110","Value US$","22008","Gross Domestic Product","2016","2016","million USD","11660.055759","X","Figure from international organizations",""
"MK","Macro Indicators","470","Malta","6110","Value US$","22008","Gross Domestic Product","2017","2017","million USD","13484.552331","X","Figure from international organizations",""
"MK","Macro Indicators","470","Malta","6110","Value US$","22008","Gross Domestic Product","2018","2018","million USD","15404.370626","X","Figure from international organizations",""
"MK","Macro Indicators","470","Malta","6110","Value US$","22008","Gross Domestic Product","2019","2019","million USD","15992.365057","X","Figure from international organizations",""
"MK","Macro Indicators","470","Malta","6110","Value US$","22008","Gross Domestic Product","2020","2020","million USD","15252.6584","X","Figure from international organizations",""
"MK","Macro Indicators","470","Malta","6110","Value US$","22008","Gross Domestic Product","2021","2021","million USD","18087.174466","X","Figure from international organizations",""
"MK","Macro Indicators","470","Malta","6110","Value US$","22008","Gross Domestic Product","2022","2022","million USD","18100.97678","X","Figure from international organizations",""
"MK","Macro Indicators","470","Malta","6110","Value US$","22008","Gross Domestic Product","2023","2023","million USD","20142.606832","E","Estimated value",""
"MK","Macro Indicators","492","Monaco","6110","Value US$","22008","Gross Domestic Product","2012","2012","million USD","5743.13411","X","Figure from international organizations",""
"MK","Macro Indicators","492","Monaco","6110","Value US$","22008","Gross Domestic Product","2013","2013","million USD","6553.688632","X","Figure from international organizations",""
"MK","Macro Indicators","492","Monaco","6110","Value US$","22008","Gross Domestic Product","2014","2014","million USD","7059.916441","X","Figure from international organizations",""
"MK","Macro Indicators","492","Monaco","6110","Value US$","22008","Gross Domestic Product","2015","2015","million USD","6259.130741","X","Figure from international organizations",""
"MK","Macro Indicators","492","Monaco","6110","Value US$","22008","Gross Domestic Product","2016","2016","million USD","6461.253351","X","Figure from international organizations",""
"MK","Macro Indicators","492","Monaco","6110","Value US$","22008","Gross Domestic Product","2017","2017","million USD","6431.274938","X","Figure from international organizations",""
"MK","Macro Indicators","492","Monaco","6110","Value US$","22008","Gross Domestic Product","2018","2018","million USD","7182.447233","X","Figure from international organizations",""
"MK","Macro Indicators","492","Monaco","6110","Value US$","22008","Gross Domestic Product","2019","2019","million USD","7383.941919","X","Figure from international organizations",""
"MK","Macro Indicators","492","Monaco","6110","Value US$","22008","Gross Domestic Product","2020","2020","million USD","6739.64236","X","Figure from international organizations",""
"MK","Macro Indicators","492","Monaco","6110","Value US$","22008","Gross Domestic Product","2021","2021","million USD","8626.079903","X","Figure from international organizations",""
"MK","Macro Indicators","492","Monaco","6110","Value US$","22008","Gross Domestic Product","2022","2022","million USD","8772.072494","X","Figure from international organizations",""
"MK","Macro Indicators","492","Monaco","6110","Value US$","22008","Gross Domestic Product","2023","2023","million USD","9617.246662","E","Estimated value",""
"MK","Macro Indicators","499","Montenegro","6110","Value US$","22008","Gross Domestic Product","2012","2012","million USD","4087.759419","X","Figure from international organizations",""
"MK","Macro Indicators","499","Montenegro","6110","Value US$","22008","Gross Domestic Product","2013","2013","million USD","4464.502433","X","Figure from international organizations",""
"MK","Macro Indicators","499","Montenegro","6110","Value US$","22008","Gross Domestic Product","2014","2014","million USD","4587.741791","X","Figure from international organizations",""
"MK","Macro Indicators","499","Montenegro","6110","Value US$","22008","Gross Domestic Product","2015","2015","million USD","4053.097851","X","Figure from international organizations",""
"MK","Macro Indicators","499","Montenegro","6110","Value US$","22008","Gross Domestic Product","2016","2016","million USD","4373.958354","X","Figure from international organizations",""
"MK","Macro Indicators","499","Montenegro","6110","Value US$","22008","Gross Domestic Product","2017","2017","million USD","4856.602179","X","Figure from international organizations",""
"MK","Macro Indicators","499","Montenegro","6110","Value US$","22008","Gross Domestic Product","2018","2018","million USD","5506.944403","X","Figure from international organizations",""
"MK","Macro Indicators","499","Montenegro","6110","Value US$","22008","Gross Domestic Product","2019","2019","million USD","5542.201487","X","Figure from international organizations",""
"MK","Macro Indicators","499","Montenegro","6110","Value US$","22008","Gross Domestic Product","2020","2020","million USD","4780.72235","X","Figure from international organizations",""
"MK","Macro Indicators","499","Montenegro","6110","Value US$","22008","Gross Domestic Product","2021","2021","million USD","5860.615434","X","Figure from international organizations",""
"MK","Macro Indicators","499","Montenegro","6110","Value US$","22008","Gross Domestic Product","2022","2022","million USD","6229.804634","X","Figure from international organizations",""
"MK","Macro Indicators","499","Montenegro","6110","Value US$","22008","Gross Domestic Product","2023","2023","million USD","7243.737745","E","Estimated value",""
"MK","Macro Indicators","528","Netherlands (Kingdom of the)","6110","Value US$","22008","Gross Domestic Product","2012","2012","million USD","838971.306991","X","Figure from international organizations",""
"MK","Macro Indicators","528","Netherlands (Kingdom of the)","6110","Value US$","22008","Gross Domestic Product","2013","2013","million USD","876923.51885","X","Figure from international organizations",""
"MK","Macro Indicators","528","Netherlands (Kingdom of the)","6110","Value US$","22008","Gross Domestic Product","2014","2014","million USD","890981.311078","X","Figure from international organizations",""
"MK","Macro Indicators","528","Netherlands (Kingdom of the)","6110","Value US$","22008","Gross Domestic Product","2015","2015","million USD","765264.949781","X","Figure from international organizations",""
"MK","Macro Indicators","528","Netherlands (Kingdom of the)","6110","Value US$","22008","Gross Domestic Product","2016","2016","million USD","783528.181705","X","Figure from international organizations",""
"MK","Macro Indicators","528","Netherlands (Kingdom of the)","6110","Value US$","22008","Gross Domestic Product","2017","2017","million USD","833869.641687","X","Figure from international organizations",""
"MK","Macro Indicators","528","Netherlands (Kingdom of the)","6110","Value US$","22008","Gross Domestic Product","2018","2018","million USD","914043.43818","X","Figure from international organizations",""
"MK","Macro Indicators","528","Netherlands (Kingdom of the)","6110","Value US$","22008","Gross Domestic Product","2019","2019","million USD","910194.347569","X","Figure from international organizations",""
"MK","Macro Indicators","528","Netherlands (Kingdom of the)","6110","Value US$","22008","Gross Domestic Product","2020","2020","million USD","909793.466661","X","Figure from international organizations",""
"MK","Macro Indicators","528","Netherlands (Kingdom of the)","6110","Value US$","22008","Gross Domestic Product","2021","2021","million USD","1029678.338329","X","Figure from international organizations",""
"MK","Macro Indicators","528","Netherlands (Kingdom of the)","6110","Value US$","22008","Gross Domestic Product","2022","2022","million USD","1008027.491155","X","Figure from international organizations",""
"MK","Macro Indicators","528","Netherlands (Kingdom of the)","6110","Value US$","22008","Gross Domestic Product","2023","2023","million USD","1107418.950689","E","Estimated value",""
"MK","Macro Indicators","807","North Macedonia","6110","Value US$","22008","Gross Domestic Product","2012","2012","million USD","9745.267306","X","Figure from international organizations",""
"MK","Macro Indicators","807","North Macedonia","6110","Value US$","22008","Gross Domestic Product","2013","2013","million USD","10817.71203","X","Figure from international organizations",""
"MK","Macro Indicators","807","North Macedonia","6110","Value US$","22008","Gross Domestic Product","2014","2014","million USD","11362.256666","X","Figure from international organizations",""
"MK","Macro Indicators","807","North Macedonia","6110","Value US$","22008","Gross Domestic Product","2015","2015","million USD","10064.513038","X","Figure from international organizations",""
"MK","Macro Indicators","807","North Macedonia","6110","Value US$","22008","Gross Domestic Product","2016","2016","million USD","10672.464612","X","Figure from international organizations",""
"MK","Macro Indicators","807","North Macedonia","6110","Value US$","22008","Gross Domestic Product","2017","2017","million USD","11307.06119","X","Figure from international organizations",""
"MK","Macro Indicators","807","North Macedonia","6110","Value US$","22008","Gross Domestic Product","2018","2018","million USD","12683.068033","X","Figure from international organizations",""
"MK","Macro Indicators","807","North Macedonia","6110","Value US$","22008","Gross Domestic Product","2019","2019","million USD","12606.336156","X","Figure from international organizations",""
"MK","Macro Indicators","807","North Macedonia","6110","Value US$","22008","Gross Domestic Product","2020","2020","million USD","12361.040197","X","Figure from international organizations",""
"MK","Macro Indicators","807","North Macedonia","6110","Value US$","22008","Gross Domestic Product","2021","2021","million USD","14000.274732","X","Figure from international organizations",""
"MK","Macro Indicators","807","North Macedonia","6110","Value US$","22008","Gross Domestic Product","2022","2022","million USD","13711.462103","X","Figure from international organizations",""
"MK","Macro Indicators","807","North Macedonia","6110","Value US$","22008","Gross Domestic Product","2023","2023","million USD","15628.387196","E","Estimated value",""
"MK","Macro Indicators","578","Norway","6110","Value US$","22008","Gross Domestic Product","2012","2012","million USD","512777.309841","X","Figure from international organizations",""
"MK","Macro Indicators","578","Norway","6110","Value US$","22008","Gross Domestic Product","2013","2013","million USD","526014.468085","X","Figure from international organizations",""
"MK","Macro Indicators","578","Norway","6110","Value US$","22008","Gross Domestic Product","2014","2014","million USD","501736.471833","X","Figure from international organizations",""
"MK","Macro Indicators","578","Norway","6110","Value US$","22008","Gross Domestic Product","2015","2015","million USD","388159.512246","X","Figure from international organizations",""
"MK","Macro Indicators","578","Norway","6110","Value US$","22008","Gross Domestic Product","2016","2016","million USD","370949.292658","X","Figure from international organizations",""
"MK","Macro Indicators","578","Norway","6110","Value US$","22008","Gross Domestic Product","2017","2017","million USD","401745.275035","X","Figure from international organizations",""
"MK","Macro Indicators","578","Norway","6110","Value US$","22008","Gross Domestic Product","2018","2018","million USD","439788.625884","X","Figure from international organizations",""
"MK","Macro Indicators","578","Norway","6110","Value US$","22008","Gross Domestic Product","2019","2019","million USD","408742.840909","X","Figure from international organizations",""
"MK","Macro Indicators","578","Norway","6110","Value US$","22008","Gross Domestic Product","2020","2020","million USD","367633.418887","X","Figure from international organizations",""
"MK","Macro Indicators","578","Norway","6110","Value US$","22008","Gross Domestic Product","2021","2021","million USD","490293.364377","X","Figure from international organizations",""
"MK","Macro Indicators","578","Norway","6110","Value US$","22008","Gross Domestic Product","2022","2022","million USD","579422.44951","X","Figure from international organizations",""
"MK","Macro Indicators","578","Norway","6110","Value US$","22008","Gross Domestic Product","2023","2023","million USD","533730.296019","E","Estimated value",""
"MK","Macro Indicators","616","Poland","6110","Value US$","22008","Gross Domestic Product","2012","2012","million USD","495230.574357","X","Figure from international organizations",""
"MK","Macro Indicators","616","Poland","6110","Value US$","22008","Gross Domestic Product","2013","2013","million USD","515762.008469","X","Figure from international organizations",""
"MK","Macro Indicators","616","Poland","6110","Value US$","22008","Gross Domestic Product","2014","2014","million USD","539080.532037","X","Figure from international organizations",""
"MK","Macro Indicators","616","Poland","6110","Value US$","22008","Gross Domestic Product","2015","2015","million USD","477111.287969","X","Figure from international organizations",""
"MK","Macro Indicators","616","Poland","6110","Value US$","22008","Gross Domestic Product","2016","2016","million USD","470024.559638","X","Figure from international organizations",""
"MK","Macro Indicators","616","Poland","6110","Value US$","22008","Gross Domestic Product","2017","2017","million USD","524641.206562","X","Figure from international organizations",""
"MK","Macro Indicators","616","Poland","6110","Value US$","22008","Gross Domestic Product","2018","2018","million USD","588779.850763","X","Figure from international organizations",""
"MK","Macro Indicators","616","Poland","6110","Value US$","22008","Gross Domestic Product","2019","2019","million USD","596058.473059","X","Figure from international organizations",""
"MK","Macro Indicators","616","Poland","6110","Value US$","22008","Gross Domestic Product","2020","2020","million USD","599442.783603","X","Figure from international organizations",""
"MK","Macro Indicators","616","Poland","6110","Value US$","22008","Gross Domestic Product","2021","2021","million USD","681346.136418","X","Figure from international organizations",""
"MK","Macro Indicators","616","Poland","6110","Value US$","22008","Gross Domestic Product","2022","2022","million USD","688125.010515","X","Figure from international organizations",""
"MK","Macro Indicators","616","Poland","6110","Value US$","22008","Gross Domestic Product","2023","2023","million USD","818430.268593","E","Estimated value",""
"MK","Macro Indicators","620","Portugal","6110","Value US$","22008","Gross Domestic Product","2012","2012","million USD","216236.608774","X","Figure from international organizations",""
"MK","Macro Indicators","620","Portugal","6110","Value US$","22008","Gross Domestic Product","2013","2013","million USD","226369.502104","X","Figure from international organizations",""
"MK","Macro Indicators","620","Portugal","6110","Value US$","22008","Gross Domestic Product","2014","2014","million USD","229596.170847","X","Figure from international organizations",""
"MK","Macro Indicators","620","Portugal","6110","Value US$","22008","Gross Domestic Product","2015","2015","million USD","199313.894327","X","Figure from international organizations",""
"MK","Macro Indicators","620","Portugal","6110","Value US$","22008","Gross Domestic Product","2016","2016","million USD","206286.022782","X","Figure from international organizations",""
"MK","Macro Indicators","620","Portugal","6110","Value US$","22008","Gross Domestic Product","2017","2017","million USD","221357.874719","X","Figure from international organizations",""
"MK","Macro Indicators","620","Portugal","6110","Value US$","22008","Gross Domestic Product","2018","2018","million USD","242313.116578","X","Figure from international organizations",""
"MK","Macro Indicators","620","Portugal","6110","Value US$","22008","Gross Domestic Product","2019","2019","million USD","239986.922639","X","Figure from international organizations",""
"MK","Macro Indicators","620","Portugal","6110","Value US$","22008","Gross Domestic Product","2020","2020","million USD","229031.860521","X","Figure from international organizations",""
"MK","Macro Indicators","620","Portugal","6110","Value US$","22008","Gross Domestic Product","2021","2021","million USD","255534.839406","X","Figure from international organizations",""
"MK","Macro Indicators","620","Portugal","6110","Value US$","22008","Gross Domestic Product","2022","2022","million USD","254849.986507","X","Figure from international organizations",""
"MK","Macro Indicators","620","Portugal","6110","Value US$","22008","Gross Domestic Product","2023","2023","million USD","275619.884369","E","Estimated value",""
"MK","Macro Indicators","498","Republic of Moldova","6110","Value US$","22008","Gross Domestic Product","2012","2012","million USD","8709.138748","X","Figure from international organizations",""
"MK","Macro Indicators","498","Republic of Moldova","6110","Value US$","22008","Gross Domestic Product","2013","2013","million USD","9496.717702","X","Figure from international organizations",""
"MK","Macro Indicators","498","Republic of Moldova","6110","Value US$","22008","Gross Domestic Product","2014","2014","million USD","9402.090103","X","Figure from international organizations",""
"MK","Macro Indicators","498","Republic of Moldova","6110","Value US$","22008","Gross Domestic Product","2015","2015","million USD","7797.667138","X","Figure from international organizations",""
"MK","Macro Indicators","498","Republic of Moldova","6110","Value US$","22008","Gross Domestic Product","2016","2016","million USD","7980.917249","X","Figure from international organizations",""
"MK","Macro Indicators","498","Republic of Moldova","6110","Value US$","22008","Gross Domestic Product","2017","2017","million USD","9514.404073","X","Figure from international organizations",""
"MK","Macro Indicators","498","Republic of Moldova","6110","Value US$","22008","Gross Domestic Product","2018","2018","million USD","11252.353608","X","Figure from international organizations",""
"MK","Macro Indicators","498","Republic of Moldova","6110","Value US$","22008","Gross Domestic Product","2019","2019","million USD","11736.797145","X","Figure from international organizations",""
"MK","Macro Indicators","498","Republic of Moldova","6110","Value US$","22008","Gross Domestic Product","2020","2020","million USD","11530.746094","X","Figure from international organizations",""
"MK","Macro Indicators","498","Republic of Moldova","6110","Value US$","22008","Gross Domestic Product","2021","2021","million USD","13691.86913","X","Figure from international organizations",""
"MK","Macro Indicators","498","Republic of Moldova","6110","Value US$","22008","Gross Domestic Product","2022","2022","million USD","14510.490971","X","Figure from international organizations",""
"MK","Macro Indicators","498","Republic of Moldova","6110","Value US$","22008","Gross Domestic Product","2023","2023","million USD","17074.130636","E","Estimated value",""
"MK","Macro Indicators","642","Romania","6110","Value US$","22008","Gross Domestic Product","2012","2012","million USD","179132.979644","X","Figure from international organizations",""
"MK","Macro Indicators","642","Romania","6110","Value US$","22008","Gross Domestic Product","2013","2013","million USD","189789.307625","X","Figure from international organizations",""
"MK","Macro Indicators","642","Romania","6110","Value US$","22008","Gross Domestic Product","2014","2014","million USD","199713.660827","X","Figure from international organizations",""
"MK","Macro Indicators","642","Romania","6110","Value US$","22008","Gross Domestic Product","2015","2015","million USD","177883.99767","X","Figure from international organizations",""
"MK","Macro Indicators","642","Romania","6110","Value US$","22008","Gross Domestic Product","2016","2016","million USD","185287.516783","X","Figure from international organizations",""
"MK","Macro Indicators","642","Romania","6110","Value US$","22008","Gross Domestic Product","2017","2017","million USD","210147.255084","X","Figure from international organizations",""
"MK","Macro Indicators","642","Romania","6110","Value US$","22008","Gross Domestic Product","2018","2018","million USD","243316.152002","X","Figure from international organizations",""
"MK","Macro Indicators","642","Romania","6110","Value US$","22008","Gross Domestic Product","2019","2019","million USD","251016.712188","X","Figure from international organizations",""
"MK","Macro Indicators","642","Romania","6110","Value US$","22008","Gross Domestic Product","2020","2020","million USD","251362.416279","X","Figure from international organizations",""
"MK","Macro Indicators","642","Romania","6110","Value US$","22008","Gross Domestic Product","2021","2021","million USD","285810.315473","X","Figure from international organizations",""
"MK","Macro Indicators","642","Romania","6110","Value US$","22008","Gross Domestic Product","2022","2022","million USD","300690.523038","X","Figure from international organizations",""
"MK","Macro Indicators","642","Romania","6110","Value US$","22008","Gross Domestic Product","2023","2023","million USD","352718.714805","E","Estimated value",""
"MK","Macro Indicators","643","Russian Federation","6110","Value US$","22008","Gross Domestic Product","2012","2012","million USD","2208293.528674","X","Figure from international organizations",""
"MK","Macro Indicators","643","Russian Federation","6110","Value US$","22008","Gross Domestic Product","2013","2013","million USD","2292470.104248","X","Figure from international organizations",""
"MK","Macro Indicators","643","Russian Federation","6110","Value US$","22008","Gross Domestic Product","2014","2014","million USD","2059241.582146","X","Figure from international organizations",""
"MK","Macro Indicators","643","Russian Federation","6110","Value US$","22008","Gross Domestic Product","2015","2015","million USD","1363482.179761","X","Figure from international organizations",""
"MK","Macro Indicators","643","Russian Federation","6110","Value US$","22008","Gross Domestic Product","2016","2016","million USD","1276786.344534","X","Figure from international organizations",""
"MK","Macro Indicators","643","Russian Federation","6110","Value US$","22008","Gross Domestic Product","2017","2017","million USD","1574199.355093","X","Figure from international organizations",""
"MK","Macro Indicators","643","Russian Federation","6110","Value US$","22008","Gross Domestic Product","2018","2018","million USD","1657328.764646","X","Figure from international organizations",""
"MK","Macro Indicators","643","Russian Federation","6110","Value US$","22008","Gross Domestic Product","2019","2019","million USD","1693114.99399","X","Figure from international organizations",""
"MK","Macro Indicators","643","Russian Federation","6110","Value US$","22008","Gross Domestic Product","2020","2020","million USD","1493075.88746","X","Figure from international organizations",""
"MK","Macro Indicators","643","Russian Federation","6110","Value US$","22008","Gross Domestic Product","2021","2021","million USD","1836890.82858","X","Figure from international organizations",""
"MK","Macro Indicators","643","Russian Federation","6110","Value US$","22008","Gross Domestic Product","2022","2022","million USD","2240422.438363","X","Figure from international organizations",""
"MK","Macro Indicators","643","Russian Federation","6110","Value US$","22008","Gross Domestic Product","2023","2023","million USD","1831922.655564","E","Estimated value",""
"MK","Macro Indicators","674","San Marino","6110","Value US$","22008","Gross Domestic Product","2012","2012","million USD","1800.605835","X","Figure from international organizations",""
"MK","Macro Indicators","674","San Marino","6110","Value US$","22008","Gross Domestic Product","2013","2013","million USD","1865.014772","X","Figure from international organizations",""
"MK","Macro Indicators","674","San Marino","6110","Value US$","22008","Gross Domestic Product","2014","2014","million USD","1844.843168","X","Figure from international organizations",""
"MK","Macro Indicators","674","San Marino","6110","Value US$","22008","Gross Domestic Product","2015","2015","million USD","1418.829692","X","Figure from international organizations",""
"MK","Macro Indicators","674","San Marino","6110","Value US$","22008","Gross Domestic Product","2016","2016","million USD","1467.345667","X","Figure from international organizations",""
"MK","Macro Indicators","674","San Marino","6110","Value US$","22008","Gross Domestic Product","2017","2017","million USD","1528.621195","X","Figure from international organizations",""
"MK","Macro Indicators","674","San Marino","6110","Value US$","22008","Gross Domestic Product","2018","2018","million USD","1655.354304","X","Figure from international organizations",""
"MK","Macro Indicators","674","San Marino","6110","Value US$","22008","Gross Domestic Product","2019","2019","million USD","1616.23166","X","Figure from international organizations",""
"MK","Macro Indicators","674","San Marino","6110","Value US$","22008","Gross Domestic Product","2020","2020","million USD","1544.713792","X","Figure from international organizations",""
"MK","Macro Indicators","674","San Marino","6110","Value US$","22008","Gross Domestic Product","2021","2021","million USD","1855.395694","X","Figure from international organizations",""
"MK","Macro Indicators","674","San Marino","6110","Value US$","22008","Gross Domestic Product","2022","2022","million USD","1780.717786","X","Figure from international organizations",""
"MK","Macro Indicators","674","San Marino","6110","Value US$","22008","Gross Domestic Product","2023","2023","million USD","1927.048944","E","Estimated value",""
"MK","Macro Indicators","688","Serbia","6110","Value US$","22008","Gross Domestic Product","2012","2012","million USD","43309.253216","X","Figure from international organizations",""
"MK","Macro Indicators","688","Serbia","6110","Value US$","22008","Gross Domestic Product","2013","2013","million USD","48394.267329","X","Figure from international organizations",""
"MK","Macro Indicators","688","Serbia","6110","Value US$","22008","Gross Domestic Product","2014","2014","million USD","47062.201828","X","Figure from international organizations",""
"MK","Macro Indicators","688","Serbia","6110","Value US$","22008","Gross Domestic Product","2015","2015","million USD","39655.949761","X","Figure from international organizations",""
"MK","Macro Indicators","688","Serbia","6110","Value US$","22008","Gross Domestic Product","2016","2016","million USD","40692.661514","X","Figure from international organizations",""
"MK","Macro Indicators","688","Serbia","6110","Value US$","22008","Gross Domestic Product","2017","2017","million USD","44179.075315","X","Figure from international organizations",""
"MK","Macro Indicators","688","Serbia","6110","Value US$","22008","Gross Domestic Product","2018","2018","million USD","50640.663278","X","Figure from international organizations",""
"MK","Macro Indicators","688","Serbia","6110","Value US$","22008","Gross Domestic Product","2019","2019","million USD","51514.242853","X","Figure from international organizations",""
"MK","Macro Indicators","688","Serbia","6110","Value US$","22008","Gross Domestic Product","2020","2020","million USD","53356.484451","X","Figure from international organizations",""
"MK","Macro Indicators","688","Serbia","6110","Value US$","22008","Gross Domestic Product","2021","2021","million USD","63082.0208","X","Figure from international organizations",""
"MK","Macro Indicators","688","Serbia","6110","Value US$","22008","Gross Domestic Product","2022","2022","million USD","63563.40874","X","Figure from international organizations",""
"MK","Macro Indicators","688","Serbia","6110","Value US$","22008","Gross Domestic Product","2023","2023","million USD","74914.760428","E","Estimated value",""
"MK","Macro Indicators","703","Slovakia","6110","Value US$","22008","Gross Domestic Product","2012","2012","million USD","94629.143637","X","Figure from international organizations",""
"MK","Macro Indicators","703","Slovakia","6110","Value US$","22008","Gross Domestic Product","2013","2013","million USD","98907.1033","X","Figure from international organizations",""
"MK","Macro Indicators","703","Slovakia","6110","Value US$","22008","Gross Domestic Product","2014","2014","million USD","101302.123266","X","Figure from international organizations",""
"MK","Macro Indicators","703","Slovakia","6110","Value US$","22008","Gross Domestic Product","2015","2015","million USD","88865.137939","X","Figure from international organizations",""
"MK","Macro Indicators","703","Slovakia","6110","Value US$","22008","Gross Domestic Product","2016","2016","million USD","89891.636384","X","Figure from international organizations",""
"MK","Macro Indicators","703","Slovakia","6110","Value US$","22008","Gross Domestic Product","2017","2017","million USD","95649.966261","X","Figure from international organizations",""
"MK","Macro Indicators","703","Slovakia","6110","Value US$","22008","Gross Domestic Product","2018","2018","million USD","106137.924016","X","Figure from international organizations",""
"MK","Macro Indicators","703","Slovakia","6110","Value US$","22008","Gross Domestic Product","2019","2019","million USD","105711.680181","X","Figure from international organizations",""
"MK","Macro Indicators","703","Slovakia","6110","Value US$","22008","Gross Domestic Product","2020","2020","million USD","106731.482855","X","Figure from international organizations",""
"MK","Macro Indicators","703","Slovakia","6110","Value US$","22008","Gross Domestic Product","2021","2021","million USD","118576.482543","X","Figure from international organizations",""
"MK","Macro Indicators","703","Slovakia","6110","Value US$","22008","Gross Domestic Product","2022","2022","million USD","115304.861561","X","Figure from international organizations",""
"MK","Macro Indicators","703","Slovakia","6110","Value US$","22008","Gross Domestic Product","2023","2023","million USD","132058.448622","E","Estimated value",""
"MK","Macro Indicators","705","Slovenia","6110","Value US$","22008","Gross Domestic Product","2012","2012","million USD","46580.45747","X","Figure from international organizations",""
"MK","Macro Indicators","705","Slovenia","6110","Value US$","22008","Gross Domestic Product","2013","2013","million USD","48401.896808","X","Figure from international organizations",""
"MK","Macro Indicators","705","Slovenia","6110","Value US$","22008","Gross Domestic Product","2014","2014","million USD","49930.685013","X","Figure from international organizations",""
"MK","Macro Indicators","705","Slovenia","6110","Value US$","22008","Gross Domestic Product","2015","2015","million USD","43090.173395","X","Figure from international organizations",""
"MK","Macro Indicators","705","Slovenia","6110","Value US$","22008","Gross Domestic Product","2016","2016","million USD","44736.333522","X","Figure from international organizations",""
"MK","Macro Indicators","705","Slovenia","6110","Value US$","22008","Gross Domestic Product","2017","2017","million USD","48589.100043","X","Figure from international organizations",""
"MK","Macro Indicators","705","Slovenia","6110","Value US$","22008","Gross Domestic Product","2018","2018","million USD","54177.882426","X","Figure from international organizations",""
"MK","Macro Indicators","705","Slovenia","6110","Value US$","22008","Gross Domestic Product","2019","2019","million USD","54386.654314","X","Figure from international organizations",""
"MK","Macro Indicators","705","Slovenia","6110","Value US$","22008","Gross Domestic Product","2020","2020","million USD","53734.526854","X","Figure from international organizations",""
"MK","Macro Indicators","705","Slovenia","6110","Value US$","22008","Gross Domestic Product","2021","2021","million USD","61832.201544","X","Figure from international organizations",""
"MK","Macro Indicators","705","Slovenia","6110","Value US$","22008","Gross Domestic Product","2022","2022","million USD","59981.881632","X","Figure from international organizations",""
"MK","Macro Indicators","705","Slovenia","6110","Value US$","22008","Gross Domestic Product","2023","2023","million USD","66997.817185","E","Estimated value",""
"MK","Macro Indicators","724","Spain","6110","Value US$","22008","Gross Domestic Product","2012","2012","million USD","1324826.515505","X","Figure from international organizations",""
"MK","Macro Indicators","724","Spain","6110","Value US$","22008","Gross Domestic Product","2013","2013","million USD","1355194.25986","X","Figure from international organizations",""
"MK","Macro Indicators","724","Spain","6110","Value US$","22008","Gross Domestic Product","2014","2014","million USD","1369995.874783","X","Figure from international organizations",""
"MK","Macro Indicators","724","Spain","6110","Value US$","22008","Gross Domestic Product","2015","2015","million USD","1195676.021494","X","Figure from international organizations",""
"MK","Macro Indicators","724","Spain","6110","Value US$","22008","Gross Domestic Product","2016","2016","million USD","1232717.585352","X","Figure from international organizations",""
"MK","Macro Indicators","724","Spain","6110","Value US$","22008","Gross Domestic Product","2017","2017","million USD","1313245.330198","X","Figure from international organizations",""
"MK","Macro Indicators","724","Spain","6110","Value US$","22008","Gross Domestic Product","2018","2018","million USD","1421702.715218","X","Figure from international organizations",""
"MK","Macro Indicators","724","Spain","6110","Value US$","22008","Gross Domestic Product","2019","2019","million USD","1394320.055129","X","Figure from international organizations",""
"MK","Macro Indicators","724","Spain","6110","Value US$","22008","Gross Domestic Product","2020","2020","million USD","1278128.867875","X","Figure from international organizations",""
"MK","Macro Indicators","724","Spain","6110","Value US$","22008","Gross Domestic Product","2021","2021","million USD","1445651.653605","X","Figure from international organizations",""
"MK","Macro Indicators","724","Spain","6110","Value US$","22008","Gross Domestic Product","2022","2022","million USD","1415874.440909","X","Figure from international organizations",""
"MK","Macro Indicators","724","Spain","6110","Value US$","22008","Gross Domestic Product","2023","2023","million USD","1538260.059684","E","Estimated value",""
"MK","Macro Indicators","752","Sweden","6110","Value US$","22008","Gross Domestic Product","2012","2012","million USD","552483.727283","X","Figure from international organizations",""
"MK","Macro Indicators","752","Sweden","6110","Value US$","22008","Gross Domestic Product","2013","2013","million USD","586841.821797","X","Figure from international organizations",""
"MK","Macro Indicators","752","Sweden","6110","Value US$","22008","Gross Domestic Product","2014","2014","million USD","581964.017237","X","Figure from international organizations",""
"MK","Macro Indicators","752","Sweden","6110","Value US$","22008","Gross Domestic Product","2015","2015","million USD","505103.78135","X","Figure from international organizations",""
"MK","Macro Indicators","752","Sweden","6110","Value US$","22008","Gross Domestic Product","2016","2016","million USD","515654.67147","X","Figure from international organizations",""
"MK","Macro Indicators","752","Sweden","6110","Value US$","22008","Gross Domestic Product","2017","2017","million USD","541018.749769","X","Figure from international organizations",""
"MK","Macro Indicators","752","Sweden","6110","Value US$","22008","Gross Domestic Product","2018","2018","million USD","555455.371487","X","Figure from international organizations",""
"MK","Macro Indicators","752","Sweden","6110","Value US$","22008","Gross Domestic Product","2019","2019","million USD","533879.529188","X","Figure from international organizations",""
"MK","Macro Indicators","752","Sweden","6110","Value US$","22008","Gross Domestic Product","2020","2020","million USD","547054.174236","X","Figure from international organizations",""
"MK","Macro Indicators","752","Sweden","6110","Value US$","22008","Gross Domestic Product","2021","2021","million USD","639714.956069","X","Figure from international organizations",""
"MK","Macro Indicators","752","Sweden","6110","Value US$","22008","Gross Domestic Product","2022","2022","million USD","591188.594777","X","Figure from international organizations",""
"MK","Macro Indicators","752","Sweden","6110","Value US$","22008","Gross Domestic Product","2023","2023","million USD","601074.520919","E","Estimated value",""
"MK","Macro Indicators","756","Switzerland","6110","Value US$","22008","Gross Domestic Product","2012","2012","million USD","686420.221558","X","Figure from international organizations",""
"MK","Macro Indicators","756","Switzerland","6110","Value US$","22008","Gross Domestic Product","2013","2013","million USD","706234.937371","X","Figure from international organizations",""
"MK","Macro Indicators","756","Switzerland","6110","Value US$","22008","Gross Domestic Product","2014","2014","million USD","726537.808338","X","Figure from international organizations",""
"MK","Macro Indicators","756","Switzerland","6110","Value US$","22008","Gross Domestic Product","2015","2015","million USD","694118.18638","X","Figure from international organizations",""
"MK","Macro Indicators","756","Switzerland","6110","Value US$","22008","Gross Domestic Product","2016","2016","million USD","687895.460903","X","Figure from international organizations",""
"MK","Macro Indicators","756","Switzerland","6110","Value US$","22008","Gross Domestic Product","2017","2017","million USD","695200.833086","X","Figure from international organizations",""
"MK","Macro Indicators","756","Switzerland","6110","Value US$","22008","Gross Domestic Product","2018","2018","million USD","725568.717468","X","Figure from international organizations",""
"MK","Macro Indicators","756","Switzerland","6110","Value US$","22008","Gross Domestic Product","2019","2019","million USD","721320.891462","X","Figure from international organizations",""
"MK","Macro Indicators","756","Switzerland","6110","Value US$","22008","Gross Domestic Product","2020","2020","million USD","741999.406006","X","Figure from international organizations",""
"MK","Macro Indicators","756","Switzerland","6110","Value US$","22008","Gross Domestic Product","2021","2021","million USD","813408.787222","X","Figure from international organizations",""
"MK","Macro Indicators","756","Switzerland","6110","Value US$","22008","Gross Domestic Product","2022","2022","million USD","818426.550206","X","Figure from international organizations",""
"MK","Macro Indicators","756","Switzerland","6110","Value US$","22008","Gross Domestic Product","2023","2023","million USD","898852.499014","E","Estimated value",""
"MK","Macro Indicators","804","Ukraine","6110","Value US$","22008","Gross Domestic Product","2012","2012","million USD","175780.733796","X","Figure from international organizations",""
"MK","Macro Indicators","804","Ukraine","6110","Value US$","22008","Gross Domestic Product","2013","2013","million USD","183310.146378","X","Figure from international organizations",""
"MK","Macro Indicators","804","Ukraine","6110","Value US$","22008","Gross Domestic Product","2014","2014","million USD","133503.867182","X","Figure from international organizations",""
"MK","Macro Indicators","804","Ukraine","6110","Value US$","22008","Gross Domestic Product","2015","2015","million USD","91030.968761","X","Figure from international organizations",""
"MK","Macro Indicators","804","Ukraine","6110","Value US$","22008","Gross Domestic Product","2016","2016","million USD","93355.868978","X","Figure from international organizations",""
"MK","Macro Indicators","804","Ukraine","6110","Value US$","22008","Gross Domestic Product","2017","2017","million USD","112090.503817","X","Figure from international organizations",""
"MK","Macro Indicators","804","Ukraine","6110","Value US$","22008","Gross Domestic Product","2018","2018","million USD","130891.08669","X","Figure from international organizations",""
"MK","Macro Indicators","804","Ukraine","6110","Value US$","22008","Gross Domestic Product","2019","2019","million USD","153883.045525","X","Figure from international organizations",""
"MK","Macro Indicators","804","Ukraine","6110","Value US$","22008","Gross Domestic Product","2020","2020","million USD","156617.719786","X","Figure from international organizations",""
"MK","Macro Indicators","804","Ukraine","6110","Value US$","22008","Gross Domestic Product","2021","2021","million USD","199765.856765","X","Figure from international organizations",""
"MK","Macro Indicators","804","Ukraine","6110","Value US$","22008","Gross Domestic Product","2022","2022","million USD","160502.739236","X","Figure from international organizations",""
"MK","Macro Indicators","804","Ukraine","6110","Value US$","22008","Gross Domestic Product","2023","2023","million USD","175243.728226","E","Estimated value",""
"MK","Macro Indicators","826","United Kingdom of Great Britain and Northern Ireland","6110","Value US$","22008","Gross Domestic Product","2012","2012","million USD","2707089.726615","X","Figure from international organizations",""
"MK","Macro Indicators","826","United Kingdom of Great Britain and Northern Ireland","6110","Value US$","22008","Gross Domestic Product","2013","2013","million USD","2784853.502534","X","Figure from international organizations",""
"MK","Macro Indicators","826","United Kingdom of Great Britain and Northern Ireland","6110","Value US$","22008","Gross Domestic Product","2014","2014","million USD","3064708.247921","X","Figure from international organizations",""
"MK","Macro Indicators","826","United Kingdom of Great Britain and Northern Ireland","6110","Value US$","22008","Gross Domestic Product","2015","2015","million USD","2927911.140917","X","Figure from international organizations",""
"MK","Macro Indicators","826","United Kingdom of Great Britain and Northern Ireland","6110","Value US$","22008","Gross Domestic Product","2016","2016","million USD","2689106.5669","X","Figure from international organizations",""
"MK","Macro Indicators","826","United Kingdom of Great Britain and Northern Ireland","6110","Value US$","22008","Gross Domestic Product","2017","2017","million USD","2680148.052335","X","Figure from international organizations",""
"MK","Macro Indicators","826","United Kingdom of Great Britain and Northern Ireland","6110","Value US$","22008","Gross Domestic Product","2018","2018","million USD","2871340.347582","X","Figure from international organizations",""
"MK","Macro Indicators","826","United Kingdom of Great Britain and Northern Ireland","6110","Value US$","22008","Gross Domestic Product","2019","2019","million USD","2851407.164908","X","Figure from international organizations",""
"MK","Macro Indicators","826","United Kingdom of Great Britain and Northern Ireland","6110","Value US$","22008","Gross Domestic Product","2020","2020","million USD","2697806.592294","X","Figure from international organizations",""
"MK","Macro Indicators","826","United Kingdom of Great Britain and Northern Ireland","6110","Value US$","22008","Gross Domestic Product","2021","2021","million USD","3141506.156619","X","Figure from international organizations",""
"MK","Macro Indicators","826","United Kingdom of Great Britain and Northern Ireland","6110","Value US$","22008","Gross Domestic Product","2022","2022","million USD","3089072.7224","X","Figure from international organizations",""
"MK","Macro Indicators","826","United Kingdom of Great Britain and Northern Ireland","6110","Value US$","22008","Gross Domestic Product","2023","2023","million USD","3263527.803496","E","Estimated value",""
